
INSERT INTO player_type (type_id, name) VALUES
                                            (1, '우투우타'),
                                            (2, '우투좌타'),
                                            (3, '우언우타'),
                                            (4, '우언좌타'),
                                            (5, '좌투우타'),
                                            (6, '좌투좌타'),
                                            (7, '좌언우타'),
                                            (8, '좌언좌타'),
                                            (9, '우투양타'),
                                            (10, '좌투양타'),
                                            (11, '양투우타'),
                                            (12, '양투좌타'),
                                            (13, '양투양타');


INSERT INTO team (team_id, team_name) VALUES
                                          (1, 'LG 트윈스'),
                                          (2, 'KT 위즈'),
                                          (3, 'SSG 랜더스'),
                                          (4, 'NC 다이노스'),
                                          (5, '두산 베어스'),
                                          (6, 'KIA 타이거즈'),
                                          (7, '롯데 자이언츠'),
                                          (8, '삼성 라이온즈'),
                                          (9, '한화 이글스'),
                                          (10, '키움 히어로즈');

INSERT INTO player (player_id, name, team_id, position, back_number, birth_date, height, type_id) VALUES
	(1, '강효종', 1, 'P', 59, '2002-10-14', 184, 1),
	(2, '고우석', 1, 'P', 19, '1998-08-06', 182, 1),
	(3, '김대현', 1, 'P', 34, '1997-03-08', 188, 1),
	(4, '김영준', 1, 'P', 35, '1999-01-12', 185, 1),
	(5, '김유영', 1, 'P', 0, '1994-05-02', 180, 6),
	(6, '김윤식', 1, 'P', 47, '2000-04-03', 181, 6),
	(7, '김주완', 1, 'P', 40, '2003-08-27', 189, 6),
	(8, '김진성', 1, 'P', 42, '1985-03-07', 186, 1),
	(9, '김진수', 1, 'P', 25, '1998-08-31', 179, 1),
	(10, '박명근', 1, 'P', 39, '2004-03-27', 174, 3),
	(11, '배재준', 1, 'P', 36, '1994-11-24', 188, 1),
	(12, '백승현', 1, 'P', 61, '1995-05-26', 183, 1),
	(13, '성동현', 1, 'P', 58, '1999-05-18', 189, 1),
	(14, '손주영', 1, 'P', 29, '1998-12-02', 191, 6),
	(15, '송은범', 1, 'P', 46, '1984-03-17', 182, 1),
	(16, '오석주', 1, 'P', 57, '1998-04-14', 181, 1),
	(17, '유영찬', 1, 'P', 54, '1997-03-07', 185, 1),
	(18, '윤호솔', 1, 'P', 28, '1994-07-15', 183, 1),
	(19, '이민호', 1, 'P', 26, '2001-08-30', 189, 1),
	(20, '이상규', 1, 'P', 48, '1996-10-20', 185, 1),
	(21, '이상영', 1, 'P', 55, '2000-12-03', 192, 6),
	(22, '이우찬', 1, 'P', 37, '1992-08-04', 183, 6),
	(23, '이정용', 1, 'P', 31, '1996-03-26', 186, 1),
	(24, '이지강', 1, 'P', 50, '1999-07-02', 183, 1),
	(25, '임정우', 1, 'P', 20, '1991-04-02', 183, 1),
	(26, '임찬규', 1, 'P', 1, '1992-11-20', 185, 1),
	(27, '정우영', 1, 'P', 18, '1999-08-19', 193, 3),
	(28, '조원태', 1, 'P', 49, '2003-05-10', 186, 6),
	(29, '진해수', 1, 'P', 21, '1986-06-26', 187, 6),
	(30, '최동환', 1, 'P', 13, '1989-09-19', 184, 1),
	(31, '최성훈', 1, 'P', 56, '1989-10-11', 178, 6),
	(32, '최원태', 1, 'P', 53, '1997-01-07', 184, 1),
	(33, '켈리', 1, 'P', 3, '1989-10-04', 191, 1),
	(34, '플럿코', 1, 'P', 45, '1991-10-03', 190, 1),
	(35, '함덕주', 1, 'P', 11, '1995-01-13', 181, 6),
	(36, '김민성', 1, 'IF', 16, '1988-12-17', 181, 1),
	(37, '김주성', 1, 'IF', 5, '1998-01-30', 180, 1),
	(38, '문보경', 1, 'IF', 2, '2000-07-19', 182, 2),
	(39, '서건창', 1, 'IF', 14, '1989-08-22', 176, 2),
	(40, '손호영', 1, 'IF', 24, '1994-08-23', 182, 1),
	(41, '송대현', 1, 'IF', 63, '2000-02-03', 180, 1),
	(42, '송찬의', 1, 'IF', 66, '1999-02-20', 182, 1),
	(43, '오지환', 1, 'IF', 10, '1990-03-12', 186, 2),
	(44, '이재원', 1, 'IF', 52, '1999-07-17', 192, 1),
	(45, '정주현', 1, 'IF', 7, '1990-10-13', 176, 1),
	(46, '최현준', 1, 'IF', 67, '1999-04-05', 178, 2),
	(47, '권동혁', 1, 'OF', 68, '2003-03-20', 194, 1),
	(48, '김현수', 1, 'OF', 22, '1988-01-12', 188, 2),
	(49, '문성주', 1, 'OF', 8, '1997-02-20', 175, 6),
	(50, '박해민', 1, 'OF', 17, '1990-02-24', 180, 2),
	(51, '신민재', 1, 'OF', 4, '1996-01-21', 171, 2),
	(52, '안익훈', 1, 'OF', 15, '1996-02-12', 176, 6),
	(53, '오스틴', 1, 'OF', 23, '1993-10-14', 183, 1),
	(54, '이준서', 1, 'OF', 60, '2004-11-18', 187, 6),
	(55, '이천웅', 1, 'OF', 32, '1988-10-20', 182, 6),
	(56, '최민창', 1, 'OF', 38, '1996-04-16', 179, 6),
	(57, '최승민', 1, 'OF', 62, '1996-07-01', 181, 2),
	(58, '홍창기', 1, 'OF', 51, '1993-11-21', 189, 2),
	(59, '김기연', 1, 'C', 12, '1997-09-07', 178, 1),
	(60, '김범석', 1, 'C', 44, '2004-05-21', 178, 1),
	(61, '박동원', 1, 'C', 27, '1990-04-07', 178, 1),
	(62, '전준호', 1, 'C', 43, '1998-07-01', 181, 1),
	(63, '허도환', 1, 'C', 30, '1984-07-31', 176, 1),
	(64, '강건', 2, 'P', 99, '2004-07-12', 183, 1),
	(65, '고영표', 2, 'P', 1, '1991-09-16', 187, 3),
	(66, '김건웅', 2, 'P', 49, '2004-04-12', 187, 5),
	(67, '김민', 2, 'P', 11, '1999-04-14', 185, 1),
	(68, '김민수', 2, 'P', 26, '1992-07-24', 188, 1),
	(69, '김영현', 2, 'P', 48, '2002-08-18', 178, 1),
	(70, '김재윤', 2, 'P', 62, '1990-09-16', 185, 1),
	(71, '김정운', 2, 'P', 29, '2004-04-21', 184, 3),
	(72, '김태오', 2, 'P', 20, '1997-07-29', 183, 6),
	(73, '박선우', 2, 'P', 45, '1997-07-12', 188, 1),
	(74, '박세진', 2, 'P', 47, '1997-06-27', 178, 6),
	(75, '박시영', 2, 'P', 46, '1989-03-10', 180, 1),
	(76, '박영현', 2, 'P', 60, '2003-10-11', 183, 1),
	(77, '배제성', 2, 'P', 19, '1996-09-29', 189, 2),
	(78, '벤자민', 2, 'P', 43, '1993-07-26', 188, 6),
	(79, '소형준', 2, 'P', 30, '2001-09-16', 189, 1),
	(80, '손동현', 2, 'P', 41, '2001-01-23', 183, 1),
	(81, '신범준', 2, 'P', 61, '2002-06-01', 189, 2),
	(82, '신병률', 2, 'P', 15, '1996-01-30', 175, 3),
	(83, '엄상백', 2, 'P', 18, '1996-10-04', 187, 3),
	(84, '이상동', 2, 'P', 37, '1995-11-24', 181, 1),
	(85, '이선우', 2, 'P', 68, '2000-09-19', 186, 3),
	(86, '이정현', 2, 'P', 51, '1997-12-05', 188, 1),
	(87, '이채호', 2, 'P', 17, '1998-11-23', 185, 3),
	(88, '전용주', 2, 'P', 64, '2000-02-12', 188, 6),
	(89, '조이현', 2, 'P', 54, '1995-06-27', 185, 2),
	(90, '조현우', 2, 'P', 59, '1994-03-30', 182, 6),
	(91, '주권', 2, 'P', 38, '1995-05-31', 181, 1),
	(92, '쿠에바스', 2, 'P', 32, '1990-10-14', 188, 1),
	(93, '하준호', 2, 'P', 28, '1989-04-29', 174, 6),
	(94, '강민성', 2, 'IF', 5, '1999-12-08', 180, 1),
	(95, '강백호', 2, 'IF', 50, '1999-07-29', 184, 2),
	(96, '고명성', 2, 'IF', 9, '1999-04-16', 178, 1),
	(97, '김병희', 2, 'IF', 14, '1990-12-06', 180, 1),
	(98, '김상수', 2, 'IF', 7, '1990-03-23', 175, 1),
	(99, '류현인', 2, 'IF', 36, '2000-11-08', 174, 2),
	(100, '박경수', 2, 'IF', 6, '1984-03-31', 178, 1),
	(101, '박민석', 2, 'IF', 98, '2000-04-13', 180, 1),
	(102, '박병호', 2, 'IF', 52, '1986-07-10', 185, 1),
	(103, '손민석', 2, 'IF', 57, '2004-06-21', 177, 2),
	(104, '신본기', 2, 'IF', 56, '1989-03-21', 179, 1),
	(105, '양승혁', 2, 'IF', 2, '1999-09-29', 173, 2),
	(106, '오윤석', 2, 'IF', 4, '1992-02-24', 180, 1),
	(107, '이상호', 2, 'IF', 16, '1989-02-05', 180, 1),
	(108, '이호연', 2, 'IF', 34, '1995-06-03', 177, 2),
	(109, '장준원', 2, 'IF', 3, '1995-11-21', 183, 1),
	(110, '황재균', 2, 'IF', 10, '1987-07-28', 183, 1),
	(111, '김건형', 2, 'OF', 40, '1996-07-12', 182, 2),
	(112, '김민혁', 2, 'OF', 53, '1995-11-21', 181, 2),
	(113, '김병준', 2, 'OF', 97, '2003-07-03', 175, 2),
	(114, '문상철', 2, 'OF', 24, '1991-04-06', 184, 1),
	(115, '배정대', 2, 'OF', 27, '1995-06-12', 185, 1),
	(116, '송민섭', 2, 'OF', 12, '1991-08-02', 177, 1),
	(117, '안치영', 2, 'OF', 8, '1998-05-29', 176, 2),
	(118, '알포드', 2, 'OF', 25, '1994-07-20', 185, 1),
	(119, '이시원', 2, 'OF', 13, '1996-07-24', 178, 6),
	(120, '정준영', 2, 'OF', 58, '2004-01-26', 173, 6),
	(121, '조용호', 2, 'OF', 23, '1989-09-09', 170, 2),
	(122, '최성민', 2, 'OF', 69, '2002-07-05', 179, 6),
	(123, '홍현빈', 2, 'OF', 31, '1997-08-29', 174, 2),
	(124, '강현우', 2, 'C', 55, '2001-04-13', 180, 1),
	(125, '김준태', 2, 'C', 44, '1994-07-31', 175, 2),
	(126, '문상인', 2, 'C', 33, '1998-01-31', 185, 1),
	(127, '장성우', 2, 'C', 22, '1990-01-17', 187, 1),
	(128, '조대현', 2, 'C', 42, '1999-08-06', 183, 1),
	(129, '고효준', 3, 'P', 15, '1983-02-08', 179, 6),
	(130, '김광현', 3, 'P', 29, '1988-07-22', 188, 6),
	(131, '김도현', 3, 'P', 68, '2003-05-24', 179, 1),
	(132, '김주온', 3, 'P', 11, '1996-12-08', 187, 1),
	(133, '김주한', 3, 'P', 21, '1993-02-03', 184, 3),
	(134, '김태훈', 3, 'P', 51, '1990-05-19', 176, 6),
	(135, '노경은', 3, 'P', 38, '1984-03-11', 187, 1),
	(136, '맥카티', 3, 'P', 33, '1995-10-12', 173, 6),
	(137, '문승원', 3, 'P', 42, '1989-11-28', 180, 1),
	(138, '박민호', 3, 'P', 41, '1992-02-25', 185, 3),
	(139, '박상후', 3, 'P', 64, '2003-08-05', 187, 6),
	(140, '박시후', 3, 'P', 46, '2001-05-10', 182, 6),
	(141, '박종훈', 3, 'P', 50, '1991-08-13', 186, 3),
	(142, '백승건', 3, 'P', 59, '2000-10-29', 183, 6),
	(143, '서동민', 3, 'P', 18, '1994-03-07', 186, 1),
	(144, '서상준', 3, 'P', 61, '2000-01-14', 193, 2),
	(145, '서진용', 3, 'P', 22, '1992-10-02', 184, 1),
	(146, '송영진', 3, 'P', 98, '2004-05-28', 185, 9),
	(147, '신헌민', 3, 'P', 49, '2002-07-19', 187, 1),
	(148, '엘리아스', 3, 'P', 25, '1988-08-01', 185, 6),
	(149, '오원석', 3, 'P', 47, '2001-04-23', 182, 6),
	(150, '윤태현', 3, 'P', 30, '2003-10-10', 189, 3),
	(151, '이건욱', 3, 'P', 16, '1995-02-13', 182, 1),
	(152, '이기순', 3, 'P', 39, '2003-05-14', 174, 6),
	(153, '이로운', 3, 'P', 92, '2004-09-11', 185, 1),
	(154, '임준섭', 3, 'P', 48, '1989-07-16', 181, 6),
	(155, '정동윤', 3, 'P', 62, '1997-10-22', 193, 2),
	(156, '정성곤', 3, 'P', 1, '1996-07-10', 181, 6),
	(157, '조성훈', 3, 'P', 43, '1999-03-22', 188, 1),
	(158, '최민준', 3, 'P', 67, '1999-06-11', 178, 1),
	(159, '한두솔', 3, 'P', 34, '1997-01-15', 177, 6),
	(160, '고명준', 3, 'IF', 12, '2002-07-08', 185, 1),
	(161, '김민준', 3, 'IF', 93, '2004-03-20', 181, 1),
	(162, '김성민', 3, 'IF', 63, '2001-04-30', 184, 1),
	(163, '김성현', 3, 'IF', 6, '1987-03-09', 172, 1),
	(164, '김찬형', 3, 'IF', 5, '1997-12-29', 178, 1),
	(165, '박성한', 3, 'IF', 2, '1998-03-30', 180, 2),
	(166, '안상현', 3, 'IF', 10, '1997-01-27', 178, 1),
	(167, '전의산', 3, 'IF', 56, '2000-11-25', 188, 2),
	(168, '최경모', 3, 'IF', 58, '1996-06-17', 168, 1),
	(169, '최정', 3, 'IF', 14, '1987-02-28', 180, 1),
	(170, '최주환', 3, 'IF', 53, '1988-02-28', 178, 2),
	(171, '최준우', 3, 'IF', 7, '1999-03-25', 176, 2),
	(172, '최항', 3, 'IF', 4, '1994-01-03', 183, 2),
	(173, '강진성', 3, 'OF', 28, '1993-10-19', 176, 1),
	(174, '김강민', 3, 'OF', 0, '1982-09-13', 182, 1),
	(175, '김규남', 3, 'OF', 57, '1995-05-12', 183, 1),
	(176, '김정민', 3, 'OF', 65, '2004-03-07', 180, 6),
	(177, '김창평', 3, 'OF', 66, '2000-06-14', 183, 2),
	(178, '류효승', 3, 'OF', 95, '1996-07-16', 190, 1),
	(179, '에레디아', 3, 'OF', 27, '1991-01-31', 178, 5),
	(180, '오태곤', 3, 'OF', 37, '1991-11-18', 186, 1),
	(181, '이정범', 3, 'OF', 31, '1998-04-10', 178, 6),
	(182, '채현우', 3, 'OF', 60, '1995-11-21', 182, 1),
	(183, '최상민', 3, 'OF', 8, '1999-08-20', 178, 6),
	(184, '최지훈', 3, 'OF', 54, '1997-07-23', 178, 2),
	(185, '추신수', 3, 'OF', 17, '1982-07-13', 180, 6),
	(186, '하재훈', 3, 'OF', 13, '1990-10-29', 182, 1),
	(187, '한유섬', 3, 'OF', 35, '1989-08-09', 190, 2),
	(188, '김민식', 3, 'C', 24, '1989-06-28', 180, 2),
	(189, '이재원', 3, 'C', 20, '1988-02-24', 185, 1),
	(190, '이흥련', 3, 'C', 55, '1989-05-16', 183, 1),
	(191, '전경원', 3, 'C', 52, '1999-03-18', 184, 1),
	(192, '조형우', 3, 'C', 32, '2002-04-04', 187, 1),
	(193, '구창모', 4, 'P', 59, '1997-02-17', 183, 6),
	(194, '김시훈', 4, 'P', 21, '1999-02-24', 188, 1),
	(195, '김영규', 4, 'P', 17, '2000-02-10', 188, 6),
	(196, '김진호', 4, 'P', 54, '1998-06-07', 183, 1),
	(197, '김태현', 4, 'P', 15, '1998-03-21', 188, 6),
	(198, '노시훈', 4, 'P', 63, '1998-08-04', 188, 1),
	(199, '류진욱', 4, 'P', 41, '1996-10-10', 189, 1),
	(200, '목지훈', 4, 'P', 73, '2004-05-11', 181, 1),
	(201, '배민서', 4, 'P', 43, '1999-11-18', 184, 3),
	(202, '배재환', 4, 'P', 61, '1995-02-24', 186, 1),
	(203, '서동욱', 4, 'P', 105, '2004-02-26', 177, 1),
	(204, '송명기', 4, 'P', 11, '2000-08-09', 191, 1),
	(205, '신민혁', 4, 'P', 53, '1999-02-04', 184, 1),
	(206, '신영우', 4, 'P', 19, '2004-04-21', 182, 1),
	(207, '심창민', 4, 'P', 1, '1993-02-01', 185, 3),
	(208, '이용준', 4, 'P', 48, '2002-05-08', 180, 1),
	(209, '이용찬', 4, 'P', 22, '1989-01-02', 185, 1),
	(210, '이우석', 4, 'P', 45, '1996-04-16', 185, 1),
	(211, '이재학', 4, 'P', 51, '1990-10-04', 181, 3),
	(212, '이준호', 4, 'P', 96, '2000-03-27', 181, 1),
	(213, '임정호', 4, 'P', 30, '1990-04-16', 188, 6),
	(214, '전루건', 4, 'P', 14, '2000-06-09', 185, 1),
	(215, '전사민', 4, 'P', 57, '1999-07-06', 194, 1),
	(216, '정구범', 4, 'P', 56, '2000-06-16', 183, 6),
	(217, '조민석', 4, 'P', 64, '1998-12-21', 180, 9),
	(218, '채지선', 4, 'P', 40, '1995-07-11', 180, 2),
	(219, '최성영', 4, 'P', 20, '1997-04-28', 180, 6),
	(220, '태너', 4, 'P', 9, '1994-11-30', 184, 6),
	(221, '페디', 4, 'P', 13, '1993-02-25', 193, 1),
	(222, '하준수', 4, 'P', 62, '2000-05-07', 189, 1),
	(223, '하준영', 4, 'P', 39, '1999-09-06', 182, 6),
	(224, '한재승', 4, 'P', 60, '2001-11-21', 180, 1),
	(225, '김수윤', 4, 'IF', 3, '1998-07-16', 180, 1),
	(226, '김주원', 4, 'IF', 7, '2002-07-30', 185, 9),
	(227, '김한별', 4, 'IF', 68, '2001-01-18', 177, 1),
	(228, '도태훈', 4, 'IF', 16, '1993-03-18', 184, 2),
	(229, '박민우', 4, 'IF', 2, '1993-02-06', 185, 2),
	(230, '박석민', 4, 'IF', 18, '1985-06-22', 178, 1),
	(231, '박주찬', 4, 'IF', 71, '1996-01-11', 178, 1),
	(232, '서호철', 4, 'IF', 5, '1996-10-16', 179, 1),
	(233, '오영수', 4, 'IF', 34, '2000-01-30', 178, 2),
	(234, '오태양', 4, 'IF', 50, '2002-04-25', 178, 1),
	(235, '윤형준', 4, 'IF', 52, '1994-01-31', 186, 1),
	(236, '조현진', 4, 'IF', 94, '2002-09-10', 182, 2),
	(237, '최보성', 4, 'IF', 49, '1998-10-16', 181, 1),
	(238, '최정원', 4, 'IF', 33, '2000-06-24', 176, 2),
	(239, '권희동', 4, 'OF', 36, '1990-12-30', 177, 1),
	(240, '김성욱', 4, 'OF', 25, '1993-05-01', 181, 1),
	(241, '마틴', 4, 'OF', 55, '1995-09-05', 175, 2),
	(242, '박건우', 4, 'OF', 37, '1990-09-08', 184, 1),
	(243, '박영빈', 4, 'OF', 0, '1997-07-16', 182, 2),
	(244, '박한결', 4, 'OF', 92, '2004-04-26', 181, 1),
	(245, '손아섭', 4, 'OF', 31, '1988-03-18', 174, 2),
	(246, '오장한', 4, 'OF', 38, '2002-05-20', 185, 2),
	(247, '정진기', 4, 'OF', 12, '1992-10-10', 185, 2),
	(248, '천재환', 4, 'OF', 23, '1994-04-01', 181, 1),
	(249, '한석현', 4, 'OF', 46, '1994-05-17', 181, 6),
	(250, '권정웅', 4, 'C', 35, '1992-11-15', 180, 1),
	(251, '김형준', 4, 'C', 47, '1999-11-02', 187, 1),
	(252, '박대온', 4, 'C', 26, '1995-08-28', 182, 1),
	(253, '박세혁', 4, 'C', 10, '1990-01-09', 181, 2),
	(254, '안중열', 4, 'C', 32, '1995-09-01', 176, 1),
	(255, '고봉재', 5, 'P', 63, '1993-05-14', 184, 3),
	(256, '곽빈', 5, 'P', 47, '1999-05-28', 187, 1),
	(257, '김강률', 5, 'P', 27, '1988-08-28', 187, 1),
	(258, '김동주', 5, 'P', 41, '2002-02-14', 190, 1),
	(259, '김명신', 5, 'P', 46, '1993-11-29', 178, 1),
	(260, '김민규', 5, 'P', 19, '1999-05-07', 178, 2),
	(261, '김유성', 5, 'P', 62, '2002-01-01', 190, 1),
	(262, '김정우', 5, 'P', 30, '1999-05-15', 183, 1),
	(263, '김지용', 5, 'P', 2, '1988-02-20', 174, 1),
	(264, '김호준', 5, 'P', 56, '1998-05-17', 180, 6),
	(265, '박소준', 5, 'P', 38, '1995-01-21', 177, 1),
	(266, '박신지', 5, 'P', 66, '1999-07-16', 185, 1),
	(267, '박정수', 5, 'P', 60, '1996-01-29', 178, 4),
	(268, '박치국', 5, 'P', 1, '1998-03-10', 177, 3),
	(269, '백승우', 5, 'P', 98, '2000-01-04', 183, 6),
	(270, '브랜든', 5, 'P', 48, '1994-06-03', 190, 6),
	(271, '알칸타라', 5, 'P', 43, '1992-12-04', 193, 1),
	(272, '이병헌', 5, 'P', 29, '2003-06-04', 183, 6),
	(273, '이승진', 5, 'P', 55, '1995-01-07', 186, 1),
	(274, '이영하', 5, 'P', 50, '1997-11-01', 192, 1),
	(275, '이원재', 5, 'P', 95, '2003-05-07', 187, 6),
	(276, '이형범', 5, 'P', 45, '1994-02-27', 181, 1),
	(277, '장원준', 5, 'P', 28, '1985-07-31', 184, 6),
	(278, '전형근', 5, 'P', 104, '2000-05-17', 183, 1),
	(279, '정철원', 5, 'P', 65, '1999-03-27', 192, 1),
	(280, '제환유', 5, 'P', 49, '2000-09-30', 183, 2),
	(281, '최승용', 5, 'P', 64, '2001-05-11', 190, 6),
	(282, '최원준', 5, 'P', 61, '1994-12-21', 182, 3),
	(283, '최준호', 5, 'P', 59, '2004-06-03', 188, 1),
	(284, '최지강', 5, 'P', 42, '2001-07-23', 180, 2),
	(285, '홍건희', 5, 'P', 17, '1992-09-29', 187, 1),
	(286, '강승호', 5, 'IF', 23, '1994-02-09', 178, 1),
	(287, '권민석', 5, 'IF', 34, '1999-02-20', 184, 1),
	(288, '김민혁', 5, 'IF', 18, '1996-05-03', 188, 1),
	(289, '김재호', 5, 'IF', 52, '1985-03-21', 181, 1),
	(290, '박계범', 5, 'IF', 14, '1996-01-11', 177, 1),
	(291, '박준영', 5, 'IF', 9, '1997-08-05', 180, 1),
	(292, '박지훈', 5, 'IF', 10, '2000-09-07', 183, 1),
	(293, '서예일', 5, 'IF', 16, '1993-06-19', 178, 1),
	(294, '신성현', 5, 'IF', 5, '1990-10-19', 183, 1),
	(295, '안재석', 5, 'IF', 3, '2002-02-15', 185, 2),
	(296, '양석환', 5, 'IF', 53, '1991-07-15', 185, 1),
	(297, '이유찬', 5, 'IF', 7, '1998-08-05', 175, 1),
	(298, '임서준', 5, 'IF', 93, '2004-07-11', 185, 2),
	(299, '전민재', 5, 'IF', 35, '1999-06-30', 181, 1),
	(300, '허경민', 5, 'IF', 13, '1990-08-26', 176, 1),
	(301, '김대한', 5, 'OF', 37, '2000-12-06', 185, 1),
	(302, '김인태', 5, 'OF', 39, '1994-07-03', 178, 6),
	(303, '김재환', 5, 'OF', 32, '1988-09-22', 183, 2),
	(304, '김태근', 5, 'OF', 92, '1996-08-10', 175, 1),
	(305, '로하스', 5, 'OF', 11, '1993-02-24', 183, 2),
	(306, '송승환', 5, 'OF', 8, '2000-10-28', 183, 1),
	(307, '양찬열', 5, 'OF', 57, '1997-05-25', 179, 2),
	(308, '정수빈', 5, 'OF', 31, '1990-10-07', 175, 6),
	(309, '조수행', 5, 'OF', 51, '1993-08-30', 178, 2),
	(310, '홍성호', 5, 'OF', 44, '1997-07-15', 187, 2),
	(311, '박유연', 5, 'C', 26, '1998-12-20', 177, 1),
	(312, '안승한', 5, 'C', 20, '1992-01-25', 176, 1),
	(313, '양의지', 5, 'C', 25, '1987-06-05', 180, 1),
	(314, '윤준호', 5, 'C', 96, '2000-11-14', 179, 1),
	(315, '장승현', 5, 'C', 22, '1994-03-07', 184, 9),
	(316, '강이준', 6, 'P', 36, '1998-04-07', 190, 1),
	(317, '고영창', 6, 'P', 60, '1989-02-24', 189, 1),
	(318, '곽도규', 6, 'P', 9, '2004-04-12', 185, 6),
	(319, '김건국', 6, 'P', 43, '1988-02-02', 183, 1),
	(320, '김기훈', 6, 'P', 53, '2000-01-03', 184, 6),
	(321, '김대유', 6, 'P', 69, '1991-05-08', 187, 6),
	(322, '김사윤', 6, 'P', 21, '1994-06-08', 182, 6),
	(323, '김승현', 6, 'P', 24, '1992-07-09', 180, 1),
	(324, '김유신', 6, 'P', 49, '1999-06-14', 187, 6),
	(325, '김재열', 6, 'P', 32, '1996-01-02', 183, 1),
	(326, '김찬민', 6, 'P', 38, '2003-09-13', 184, 3),
	(327, '남하준', 6, 'P', 41, '1996-09-13', 182, 2),
	(328, '박일훈', 6, 'P', 29, '2004-03-07', 182, 1),
	(329, '박준표', 6, 'P', 31, '1992-06-26', 181, 3),
	(330, '산체스', 6, 'P', 65, '1994-10-31', 185, 1),
	(331, '송후섭', 6, 'P', 11, '1997-06-18', 190, 1),
	(332, '양현종', 6, 'P', 54, '1988-03-01', 183, 6),
	(333, '유승철', 6, 'P', 40, '1998-03-02', 184, 9),
	(334, '유지성', 6, 'P', 4, '2000-11-15', 189, 6),
	(335, '윤영철', 6, 'P', 13, '2004-04-20', 187, 6),
	(336, '윤중현', 6, 'P', 19, '1995-04-25', 180, 3),
	(337, '이송찬', 6, 'P', 63, '2004-08-08', 187, 1),
	(338, '이의리', 6, 'P', 48, '2002-06-16', 185, 6),
	(339, '이준영', 6, 'P', 20, '1992-08-10', 177, 6),
	(340, '이태규', 6, 'P', 61, '2000-02-21', 188, 2),
	(341, '임기영', 6, 'P', 17, '1993-04-16', 184, 3),
	(342, '장현식', 6, 'P', 50, '1995-02-24', 181, 1),
	(343, '전상현', 6, 'P', 51, '1996-04-18', 182, 1),
	(344, '정해영', 6, 'P', 62, '2001-08-23', 189, 1),
	(345, '최지민', 6, 'P', 39, '2003-09-10', 185, 6),
	(346, '파노니', 6, 'P', 45, '1994-04-28', 185, 6),
	(347, '황동하', 6, 'P', 10, '2002-07-30', 183, 1),
	(348, '김규성', 6, 'IF', 14, '1997-03-08', 183, 2),
	(349, '김도영', 6, 'IF', 5, '2003-10-02', 183, 1),
	(350, '김선빈', 6, 'IF', 3, '1989-12-18', 165, 1),
	(351, '박찬호', 6, 'IF', 1, '1995-06-05', 178, 1),
	(352, '변우혁', 6, 'IF', 33, '2000-03-18', 185, 1),
	(353, '오선우', 6, 'IF', 56, '1996-12-13', 186, 6),
	(354, '오정환', 6, 'IF', 2, '1999-03-27', 185, 2),
	(355, '윤도현', 6, 'IF', 67, '2003-05-07', 181, 1),
	(356, '임석진', 6, 'IF', 28, '1997-10-10', 180, 1),
	(357, '정해원', 6, 'IF', 59, '2004-05-21', 185, 1),
	(358, '최정용', 6, 'IF', 23, '1996-10-24', 178, 2),
	(359, '홍종표', 6, 'IF', 6, '2000-05-02', 178, 2),
	(360, '황대인', 6, 'IF', 52, '1996-02-10', 178, 1),
	(361, '고종욱', 6, 'OF', 57, '1989-01-11', 184, 2),
	(362, '김석환', 6, 'OF', 35, '1999-02-28', 187, 6),
	(363, '김호령', 6, 'OF', 27, '1992-04-30', 178, 1),
	(364, '나성범', 6, 'OF', 47, '1989-10-03', 183, 6),
	(365, '박정우', 6, 'OF', 0, '1998-02-01', 175, 6),
	(366, '소크라테스', 6, 'OF', 30, '1992-09-06', 188, 6),
	(367, '이우성', 6, 'OF', 25, '1994-07-17', 182, 1),
	(368, '이창진', 6, 'OF', 66, '1991-03-04', 173, 1),
	(369, '최원준', 6, 'OF', 16, '1997-03-23', 178, 2),
	(370, '최형우', 6, 'OF', 34, '1983-12-16', 180, 2),
	(371, '김선우', 6, 'C', 8, '2001-01-18', 178, 1),
	(372, '김태군', 6, 'C', 42, '1989-12-30', 182, 1),
	(373, '신범수', 6, 'C', 12, '1998-01-25', 177, 2),
	(374, '주효상', 6, 'C', 22, '1997-11-11', 182, 2),
	(375, '한승택', 6, 'C', 26, '1994-06-21', 174, 1),
	(376, '한준수', 6, 'C', 55, '1999-02-13', 184, 2),
	(377, '구승민', 7, 'P', 22, '1990-06-12', 182, 1),
	(378, '김강현', 7, 'P', 19, '1995-02-27', 177, 2),
	(379, '김도규', 7, 'P', 23, '1998-07-11', 192, 1),
	(380, '김상수', 7, 'P', 24, '1988-01-02', 180, 1),
	(381, '김원중', 7, 'P', 34, '1993-06-14', 192, 2),
	(382, '김진욱', 7, 'P', 15, '2002-07-05', 185, 6),
	(383, '김창훈', 7, 'P', 61, '2001-11-09', 185, 1),
	(384, '나균안', 7, 'P', 43, '1998-03-16', 186, 1),
	(385, '문경찬', 7, 'P', 38, '1992-07-08', 186, 1),
	(386, '박명현', 7, 'P', 111, '2001-06-16', 185, 1),
	(387, '박세웅', 7, 'P', 21, '1995-11-30', 182, 1),
	(388, '박영완', 7, 'P', 67, '2000-07-22', 183, 2),
	(389, '박진', 7, 'P', 44, '1999-04-02', 182, 1),
	(390, '반즈', 7, 'P', 28, '1995-10-01', 189, 6),
	(391, '석상호', 7, 'P', 60, '2000-04-14', 182, 1),
	(392, '신정락', 7, 'P', 31, '1987-05-13', 178, 4),
	(393, '심재민', 7, 'P', 39, '1994-02-18', 182, 5),
	(394, '우강훈', 7, 'P', 36, '2002-10-03', 183, 1),
	(395, '윌커슨', 7, 'P', 46, '1989-05-24', 188, 1),
	(396, '이민석', 7, 'P', 30, '2003-12-10', 189, 1),
	(397, '이인복', 7, 'P', 35, '1991-06-18', 187, 1),
	(398, '이진하', 7, 'P', 62, '2004-06-02', 191, 1),
	(399, '이태연', 7, 'P', 94, '2004-02-21', 180, 6),
	(400, '장세진', 7, 'P', 96, '2004-12-30', 179, 6),
	(401, '정성종', 7, 'P', 56, '1995-11-16', 181, 2),
	(402, '조경민', 7, 'P', 102, '2004-09-17', 179, 3),
	(403, '진승현', 7, 'P', 26, '2003-09-05', 184, 2),
	(404, '최영환', 7, 'P', 45, '1992-02-20', 179, 1),
	(405, '최이준', 7, 'P', 33, '1999-04-10', 182, 1),
	(406, '최준용', 7, 'P', 18, '2001-10-10', 185, 1),
	(407, '한현희', 7, 'P', 16, '1993-06-25', 182, 3),
	(408, '홍민기', 7, 'P', 106, '2001-07-20', 185, 6),
	(409, '구드럼', 7, 'IF', 4, '1992-02-28', 190, 9),
	(410, '김민수', 7, 'IF', 5, '1998-03-18', 184, 1),
	(411, '노진혁', 7, 'IF', 52, '1989-07-15', 184, 2),
	(412, '박승욱', 7, 'IF', 53, '1992-12-04', 184, 2),
	(413, '배영빈', 7, 'IF', 87, '2000-06-26', 178, 1),
	(414, '안치홍', 7, 'IF', 13, '1990-07-02', 178, 1),
	(415, '이주찬', 7, 'IF', 109, '1998-09-21', 181, 1),
	(416, '이학주', 7, 'IF', 7, '1990-11-04', 187, 2),
	(417, '전준우', 7, 'IF', 8, '1986-02-25', 184, 1),
	(418, '정대선', 7, 'IF', 68, '2004-11-16', 185, 1),
	(419, '정훈', 7, 'IF', 9, '1987-07-18', 180, 1),
	(420, '최종은', 7, 'IF', 110, '1998-10-12', 178, 1),
	(421, '한동희', 7, 'IF', 25, '1999-06-01', 182, 1),
	(422, '고승민', 7, 'OF', 65, '2000-08-11', 189, 2),
	(423, '김동혁', 7, 'OF', 50, '2000-09-15', 177, 6),
	(424, '김민석', 7, 'OF', 2, '2004-05-09', 185, 2),
	(425, '박형준', 7, 'OF', 17, '2001-06-28', 184, 1),
	(426, '신윤후', 7, 'OF', 3, '1996-01-05', 177, 1),
	(427, '안권수', 7, 'OF', 0, '1993-04-19', 175, 2),
	(428, '윤동희', 7, 'OF', 91, '2003-09-18', 187, 1),
	(429, '윤수녕', 7, 'OF', 63, '2000-03-01', 173, 2),
	(430, '장두성', 7, 'OF', 49, '1999-09-16', 176, 2),
	(431, '황성빈', 7, 'OF', 1, '1997-12-19', 172, 2),
	(432, '강태율', 7, 'C', 32, '1996-11-01', 179, 1),
	(433, '서동욱', 7, 'C', 69, '2000-03-24', 175, 1),
	(434, '손성빈', 7, 'C', 6, '2002-01-14', 183, 1),
	(435, '유강남', 7, 'C', 27, '1992-07-15', 182, 1),
	(436, '이정훈', 7, 'C', 48, '1994-12-07', 185, 2),
	(437, '정보근', 7, 'C', 42, '1999-08-31', 175, 1),
	(438, '지시완', 7, 'C', 66, '1994-04-10', 181, 1),
	(439, '김대우', 8, 'P', 17, '1988-11-21', 183, 3),
	(440, '김서준', 8, 'P', 53, '2003-09-01', 183, 1),
	(441, '김시온', 8, 'P', 64, '2003-10-30', 189, 6),
	(442, '김시현', 8, 'P', 67, '1998-09-26', 181, 1),
	(443, '김태훈', 8, 'P', 27, '1992-03-02', 187, 1),
	(444, '노건우', 8, 'P', 37, '1989-10-22', 182, 6),
	(445, '문용익', 8, 'P', 43, '1995-02-04', 178, 1),
	(446, '박권후', 8, 'P', 69, '2004-05-28', 184, 1),
	(447, '박세웅', 8, 'P', 50, '1996-05-10', 180, 6),
	(448, '백정현', 8, 'P', 29, '1987-07-13', 184, 6),
	(449, '뷰캐넌', 8, 'P', 4, '1989-05-11', 190, 1),
	(450, '서현원', 8, 'P', 28, '2004-02-28', 187, 1),
	(451, '신윤호', 8, 'P', 15, '2004-09-08', 183, 1),
	(452, '신정환', 8, 'P', 40, '2003-04-28', 188, 1),
	(453, '오승환', 8, 'P', 21, '1982-07-15', 178, 1),
	(454, '와이드너', 8, 'P', 57, '1994-10-24', 183, 2),
	(455, '우규민', 8, 'P', 2, '1985-01-21', 184, 3),
	(456, '원태인', 8, 'P', 18, '2000-04-06', 183, 1),
	(457, '이상민', 8, 'P', 59, '1990-11-04', 180, 6),
	(458, '이승현', 8, 'P', 20, '1991-11-20', 181, 1),
	(459, '이승현', 8, 'P', 54, '2002-05-19', 183, 6),
	(460, '이재익', 8, 'P', 45, '1994-03-18', 180, 6),
	(461, '이호성', 8, 'P', 55, '2004-08-14', 184, 1),
	(462, '장필준', 8, 'P', 26, '1988-04-08', 190, 1),
	(463, '최지광', 8, 'P', 16, '1998-03-13', 173, 1),
	(464, '최채흥', 8, 'P', 56, '1995-01-22', 186, 6),
	(465, '최충연', 8, 'P', 51, '1997-03-05', 190, 1),
	(466, '최하늘', 8, 'P', 19, '1999-03-26', 190, 3),
	(467, '허윤동', 8, 'P', 49, '2001-06-19', 181, 6),
	(468, '홍무원', 8, 'P', 62, '2002-01-11', 188, 1),
	(469, '홍원표', 8, 'P', 65, '2001-03-27', 183, 1),
	(470, '홍정우', 8, 'P', 11, '1996-03-16', 182, 1),
	(471, '황동재', 8, 'P', 61, '2001-11-03', 191, 1),
	(472, '강준서', 8, 'IF', 60, '2000-10-13', 183, 1),
	(473, '강한울', 8, 'IF', 6, '1991-09-12', 181, 2),
	(474, '공민규', 8, 'IF', 9, '1999-09-27', 183, 2),
	(475, '김동진', 8, 'IF', 3, '1996-12-18', 184, 2),
	(476, '김영웅', 8, 'IF', 30, '2003-08-24', 183, 2),
	(477, '김재상', 8, 'IF', 0, '2004-07-26', 180, 2),
	(478, '김지찬', 8, 'IF', 58, '2001-03-08', 163, 2),
	(479, '김호재', 8, 'IF', 8, '1995-05-31', 178, 1),
	(480, '류지혁', 8, 'IF', 42, '1994-01-13', 181, 2),
	(481, '안주형', 8, 'IF', 14, '1993-08-14', 176, 2),
	(482, '오재일', 8, 'IF', 44, '1986-10-29', 187, 6),
	(483, '이성규', 8, 'IF', 13, '1993-08-03', 178, 1),
	(484, '이재현', 8, 'IF', 7, '2003-02-04', 180, 1),
	(485, '이태훈', 8, 'IF', 35, '1995-04-03', 183, 1),
	(486, '조민성', 8, 'IF', 32, '2003-10-22', 181, 1),
	(487, '구자욱', 8, 'OF', 5, '1993-02-12', 189, 2),
	(488, '김동엽', 8, 'OF', 38, '1990-07-24', 186, 1),
	(489, '김상민', 8, 'OF', 25, '2003-12-06', 183, 2),
	(490, '김성윤', 8, 'OF', 39, '1999-02-02', 163, 6),
	(491, '김태훈', 8, 'OF', 24, '1996-03-31', 177, 2),
	(492, '김헌곤', 8, 'OF', 34, '1988-11-09', 174, 1),
	(493, '김현준', 8, 'OF', 41, '2002-10-11', 178, 6),
	(494, '류승민', 8, 'OF', 46, '2004-10-11', 185, 6),
	(495, '송준석', 8, 'OF', 52, '1994-05-04', 176, 6),
	(496, '윤정빈', 8, 'OF', 31, '1999-06-24', 182, 2),
	(497, '피렐라', 8, 'OF', 63, '1989-11-21', 183, 1),
	(498, '강민호', 8, 'C', 47, '1985-08-18', 185, 1),
	(499, '김도환', 8, 'C', 66, '2000-04-14', 178, 1),
	(500, '김민수', 8, 'C', 12, '1991-03-02', 177, 1),
	(501, '김재성', 8, 'C', 48, '1996-10-30', 185, 2),
	(502, '이병헌', 8, 'C', 23, '1999-10-26', 180, 1),
	(503, '강재민', 9, 'P', 55, '1997-04-03', 180, 3),
	(504, '김관우', 9, 'P', 101, '2003-09-07', 182, 3),
	(505, '김규연', 9, 'P', 60, '2002-08-23', 183, 1),
	(506, '김기중', 9, 'P', 15, '2002-11-16', 186, 6),
	(507, '김민우', 9, 'P', 53, '1995-07-25', 186, 1),
	(508, '김범수', 9, 'P', 47, '1995-10-03', 181, 6),
	(509, '김서현', 9, 'P', 54, '2004-05-31', 188, 1),
	(510, '김재영', 9, 'P', 19, '1993-07-22', 187, 3),
	(511, '김종수', 9, 'P', 38, '1994-06-03', 180, 1),
	(512, '남지민', 9, 'P', 11, '2001-02-12', 181, 1),
	(513, '류원석', 9, 'P', 61, '1989-11-18', 186, 3),
	(514, '류희운', 9, 'P', 18, '1995-06-19', 191, 1),
	(515, '문동주', 9, 'P', 1, '2003-12-23', 188, 1),
	(516, '박상원', 9, 'P', 58, '1994-09-09', 187, 1),
	(517, '박윤철', 9, 'P', 31, '1996-03-23', 186, 1),
	(518, '산체스', 9, 'P', 34, '1997-04-11', 178, 6),
	(519, '송윤준', 9, 'P', 10, '1992-07-16', 186, 6),
	(520, '윤대경', 9, 'P', 5, '1994-04-09', 179, 1),
	(521, '윤산흠', 9, 'P', 32, '1999-05-15', 178, 1),
	(522, '이민우', 9, 'P', 27, '1993-02-09', 185, 1),
	(523, '이승관', 9, 'P', 4, '1999-12-01', 182, 6),
	(524, '이재민', 9, 'P', 39, '1999-12-27', 188, 1),
	(525, '이충호', 9, 'P', 49, '1994-09-20', 182, 6),
	(526, '이태양', 9, 'P', 46, '1990-07-03', 192, 2),
	(527, '장민재', 9, 'P', 36, '1990-03-19', 184, 1),
	(528, '장시환', 9, 'P', 28, '1987-11-01', 184, 1),
	(529, '장지수', 9, 'P', 69, '2000-05-25', 179, 1),
	(530, '정우람', 9, 'P', 57, '1985-06-01', 181, 6),
	(531, '주현상', 9, 'P', 66, '1992-08-10', 177, 1),
	(532, '페냐', 9, 'P', 20, '1990-01-25', 188, 1),
	(533, '한승주', 9, 'P', 59, '2001-03-17', 184, 1),
	(534, '한승혁', 9, 'P', 26, '1993-01-03', 185, 2),
	(535, '김건', 9, 'IF', 97, '2000-02-23', 183, 1),
	(536, '김인환', 9, 'IF', 37, '1994-01-28', 186, 2),
	(537, '김태연', 9, 'IF', 25, '1997-06-10', 178, 1),
	(538, '노시환', 9, 'IF', 8, '2000-12-03', 185, 1),
	(539, '문현빈', 9, 'IF', 64, '2004-04-20', 174, 2),
	(540, '박정현', 9, 'IF', 9, '2001-07-27', 183, 1),
	(541, '오선진', 9, 'IF', 6, '1989-07-07', 178, 1),
	(542, '이도윤', 9, 'IF', 7, '1996-10-07', 175, 2),
	(543, '이민준', 9, 'IF', 95, '2004-02-02', 185, 1),
	(544, '이상혁', 9, 'IF', 12, '2001-09-14', 174, 2),
	(545, '이성곤', 9, 'IF', 44, '1992-03-25', 186, 2),
	(546, '정은원', 9, 'IF', 43, '2000-01-17', 177, 2),
	(547, '하주석', 9, 'IF', 16, '1994-02-25', 185, 2),
	(548, '권광민', 9, 'OF', 56, '1997-12-12', 189, 6),
	(549, '김해찬', 9, 'OF', 102, '2004-05-25', 178, 1),
	(550, '노수광', 9, 'OF', 17, '1990-08-06', 180, 2),
	(551, '윌리엄스', 9, 'OF', 3, '1993-09-08', 190, 6),
	(552, '유로결', 9, 'OF', 33, '2000-05-30', 186, 1),
	(553, '유상빈', 9, 'OF', 65, '2000-05-09', 181, 6),
	(554, '이명기', 9, 'OF', 14, '1987-12-26', 183, 6),
	(555, '이원석', 9, 'OF', 50, '1999-03-31', 177, 1),
	(556, '이진영', 9, 'OF', 45, '1997-07-21', 183, 1),
	(557, '장운호', 9, 'OF', 30, '1994-02-20', 183, 1),
	(558, '장지승', 9, 'OF', 63, '1998-07-04', 185, 1),
	(559, '장진혁', 9, 'OF', 51, '1993-09-30', 184, 2),
	(560, '채은성', 9, 'OF', 22, '1990-02-06', 186, 1),
	(561, '최인호', 9, 'OF', 41, '2000-01-30', 178, 2),
	(562, '박상언', 9, 'C', 42, '1997-03-03', 185, 1),
	(563, '이재용', 9, 'C', 96, '1999-02-28', 182, 1),
	(564, '최재훈', 9, 'C', 13, '1989-08-27', 178, 1),
	(565, '허관회', 9, 'C', 48, '1999-02-12', 176, 1),
	(566, '김건희', 10, 'P', 12, '2004-11-07', 185, 1),
	(567, '김동규', 10, 'P', 43, '2004-07-09', 195, 1),
	(568, '김동혁', 10, 'P', 60, '2001-12-27', 185, 3),
	(569, '김선기', 10, 'P', 49, '1991-09-01', 186, 1),
	(570, '김성진', 10, 'P', 34, '1997-11-14', 183, 2),
	(571, '김재웅', 10, 'P', 28, '1998-10-22', 174, 6),
	(572, '김준형', 10, 'P', 93, '2002-07-12', 182, 1),
	(573, '노운현', 10, 'P', 94, '2003-06-22', 186, 3),
	(574, '맥키니', 10, 'P', 22, '1994-11-18', 180, 6),
	(575, '문성현', 10, 'P', 21, '1991-11-09', 180, 1),
	(576, '박승주', 10, 'P', 42, '1994-02-12', 181, 1),
	(577, '송정인', 10, 'P', 59, '2003-05-05', 187, 1),
	(578, '안우진', 10, 'P', 41, '1999-08-30', 192, 1),
	(579, '양지율', 10, 'P', 55, '1998-12-16', 184, 1),
	(580, '양현', 10, 'P', 39, '1992-08-23', 189, 3),
	(581, '오상원', 10, 'P', 0, '2004-07-21', 184, 1),
	(582, '원종현', 10, 'P', 46, '1987-07-31', 182, 3),
	(583, '윤석원', 10, 'P', 95, '2003-07-04', 184, 6),
	(584, '윤정현', 10, 'P', 99, '1993-05-17', 186, 6),
	(585, '이명종', 10, 'P', 97, '2002-12-05', 180, 1),
	(586, '이승호', 10, 'P', 47, '1999-02-08', 187, 6),
	(587, '이종민', 10, 'P', 54, '2001-06-04', 185, 6),
	(588, '임창민', 10, 'P', 45, '1985-08-25', 183, 1),
	(589, '장재영', 10, 'P', 61, '2002-05-10', 188, 1),
	(590, '정찬헌', 10, 'P', 58, '1990-01-26', 186, 1),
	(591, '조영건', 10, 'P', 20, '1999-02-04', 180, 1),
	(592, '주승우', 10, 'P', 30, '2000-01-30', 185, 1),
	(593, '하영민', 10, 'P', 50, '1995-05-07', 180, 1),
	(594, '후라도', 10, 'P', 75, '1996-01-30', 188, 1),
	(595, '김병휘', 10, 'IF', 0, '2001-02-16', 177, 1),
	(596, '김수환', 10, 'IF', 31, '1998-03-20', 180, 1),
	(597, '김웅빈', 10, 'IF', 1, '1996-02-09', 182, 2),
	(598, '김주형', 10, 'IF', 6, '1996-03-05', 176, 1),
	(599, '김태진', 10, 'IF', 2, '1995-10-07', 170, 2),
	(600, '김혜성', 10, 'IF', 3, '1999-01-27', 180, 2),
	(601, '김휘집', 10, 'IF', 33, '2002-01-01', 181, 1),
	(602, '송성문', 10, 'IF', 24, '1996-08-29', 183, 2),
	(603, '신준우', 10, 'IF', 5, '2001-06-21', 176, 1),
	(604, '우승원', 10, 'IF', 4, '2004-06-08', 178, 1),
	(605, '이승원', 10, 'IF', 8, '2004-07-02', 185, 1),
	(606, '이원석', 10, 'IF', 17, '1986-10-21', 182, 1),
	(607, '이주형', 10, 'IF', 38, '2001-04-02', 183, 2),
	(608, '임지열', 10, 'IF', 29, '1995-08-22', 180, 1),
	(609, '전병우', 10, 'IF', 13, '1992-10-24', 182, 1),
	(610, '도슨', 10, 'OF', 27, '1995-05-19', 188, 2),
	(611, '박수종', 10, 'OF', 14, '1999-02-25', 179, 1),
	(612, '박주홍', 10, 'OF', 57, '2001-04-16', 187, 6),
	(613, '박찬혁', 10, 'OF', 48, '2003-04-25', 180, 1),
	(614, '송재선', 10, 'OF', 63, '2000-06-30', 177, 1),
	(615, '예진원', 10, 'OF', 53, '1999-03-16', 174, 6),
	(616, '이용규', 10, 'OF', 15, '1985-08-26', 170, 6),
	(617, '이정후', 10, 'OF', 51, '1998-08-20', 185, 2),
	(618, '이형종', 10, 'OF', 36, '1989-06-07', 183, 1),
	(619, '임병욱', 10, 'OF', 35, '1995-09-30', 185, 2),
	(620, '주성원', 10, 'OF', 25, '2000-08-30', 180, 1),
	(621, '김동헌', 10, 'C', 44, '2004-07-15', 182, 1),
	(622, '김시앙', 10, 'C', 26, '2001-10-31', 177, 1),
	(623, '김재현', 10, 'C', 32, '1993-03-18', 178, 1),
	(624, '이지영', 10, 'C', 56, '1986-02-27', 177, 1);
